{"1": 
	{"angry": 216.61922176007647, "disgust": 62.576873390903074, "scared": 102.2136792120873, "happy": 234.20977060563746, "sad": 113.13820404425496, "surprised": 15.84875179710798, "neutral": 210.39349882045644}, 
"2": 
{"angry": 7.484454791760072, "disgust": 1.5495033357583452, "scared": 7.600011236965656, "happy": 13.344479826278985, "sad": 7.952154083875939, "surprised": 0.5935708943288773, "neutral": 15.47582601569593}, 
"3": {}, "4": {}, "5": {}, "6": {}
}