{"1": {"angry": 148.40837541228393, "disgust": 16.62988971531786, "scared": 254.17395237460732, "happy": 286.55222144376603, "sad": 422.9256114086602, "surprised": 31.21329303267703, "neutral": 825.096649869578}, "2": {"angry": 27.633667550981045, "disgust": 6.464489194215275, "scared": 25.024130219593644, "happy": 64.54466428421438, "sad": 24.84221252053976, "surprised": 11.425197047414258, "neutral": 257.06564025580883}, "3": {"angry": 5.271374838426709, "disgust": 0.5565769573440775, "scared": 25.084071615710855, "happy": 4.615375863504596, "sad": 37.86733840405941, "surprised": 3.1045710865291767, "neutral": 51.500692307949066}, "4": {"angry": 0.1747443974018097, "disgust": 0.0015226035029627383, "scared": 0.06796577200293541, "happy": 0.13447235524654388, "sad": 0.29853787273168564, "surprised": 0.002758492948487401, "neutral": 1.3199984431266785}}